Scenario,Model,Prior,PCS,TR_mean,TR_std,early_stop,select_OBD_stage1,select_OBD_stage2,BF_num,n_stage1,n_stage2,TR_per_dose,OBD
S1,3+3,weak,44.05,34.40779762,12.85771998,12,"398, 881, 552, 138, 19",NULL,0,15.267,NULL,"3.765, 4.9695, 4.2135, 1.899, 0.42",2
S1,BF_BOIN,weak,48.95,41.14741816,13.58898077,0,"27, 979, 901, 87, 6",NULL,5.495,30.2285,NULL,"7.0605, 12.214, 8.527, 2.22, 0.207",2
S1,BF_BOIN+UBOIN,weak,78.35,50.79412351,16.24763492,0,"22, 937, 933, 104, 4","44, 1567, 360, 26, 3",5.393,30.2465,13.9755,"7.456, 21.8205, 11.753, 2.9225, 0.27",2
S1,BF_BOIN+UBLRM,weak,75.4,52.58965307,12.80191982,10,"22, 939, 945, 90, 4","481, 1508, 1, 0, 0",5.3055,30.078,13.4385,"9.8435, 22.5645, 8.6415, 2.2465, 0.2205",2
S1,3+3,strong,44.05,34.40779762,12.85771998,12,"398, 881, 552, 138, 19",NULL,0,15.267,NULL,"3.765, 4.9695, 4.2135, 1.899, 0.42",2
S1,BF_BOIN,strong,47.55,40.84520254,13.604547,0,"22, 951, 946, 78, 3",NULL,5.373,30.153,NULL,"7.01, 12.099, 8.5985, 2.261, 0.1845",2
S1,BF_BOIN+UBOIN,strong,79.65,51.07823232,16.71824659,0,"23, 960, 900, 117, 0","35, 1593, 342, 28, 2",5.354,30.0665,13.9275,"7.325, 21.809, 11.645, 2.936, 0.279",2
S1,BF_BOIN+UBLRM,strong,91,58.99435907,9.398168365,0,"20, 979, 886, 111, 4","180, 1820, 0, 0, 0",5.353,30.2155,12.381,"7.0375, 24.5445, 8.493, 2.2875, 0.234",2
S2,3+3,weak,36.2,25.99803571,11.4408598,15,"127, 402, 724, 488, 244",NULL,0,17.5755,NULL,"3.4035, 4.0665, 4.566, 3.798, 1.7415",3
S2,BF_BOIN,weak,39.05,30.66093775,13.64165095,0,"21, 199, 781, 838, 161",NULL,6.526,32.248,NULL,"5.086, 8.04, 9.995, 7.2265, 1.9005",3
S2,BF_BOIN+UBOIN,weak,73.85,43.3656548,16.20154259,0,"18, 192, 814, 823, 153","18, 52, 1477, 400, 53",6.512,32.3435,15.8265,"5.296, 8.662, 20.483, 11.005, 2.724",3
S2,BF_BOIN+UBLRM,weak,85.4,51.09782563,10.0860244,30,"17, 197, 789, 834, 163","87, 171, 1708, 4, 0",6.529,32.1775,14.781,"5.296, 8.3455, 23.645, 7.743, 1.929",3
S2,3+3,strong,36.2,25.99803571,11.4408598,15,"127, 402, 724, 488, 244",NULL,0,17.5755,NULL,"3.4035, 4.0665, 4.566, 3.798, 1.7415",3
S2,BF_BOIN,strong,40.8,30.95386988,13.6816265,0,"18, 192, 816, 829, 145",NULL,6.6065,32.207,NULL,"5.0815, 8.003, 10.0575, 7.2065, 1.8585",3
S2,BF_BOIN+UBOIN,strong,72,42.5183393,16.32950624,0,"20, 199, 773, 877, 131","20, 56, 1440, 433, 51",6.6165,32.4105,15.8955,"5.293, 8.691, 20.153, 11.4105, 2.7585",3
S2,BF_BOIN+UBLRM,strong,90,53.06880009,8.40589503,32,"23, 189, 802, 812, 174","72, 96, 1800, 0, 0",6.416,32.2865,14.289,"5.079, 7.9845, 24.2625, 7.2845, 1.965",3
S3,3+3,weak,50.4,47.48349206,24.0602092,216,"1008, 686, 80, 9, 1",NULL,0,12.087,NULL,"4.9695, 4.7145, 2.0595, 0.312, 0.0315",1
S3,BF_BOIN,weak,32.55,50.68683026,23.26538098,8,"651, 1277, 62, 2, 0",NULL,4.1685,26.634,NULL,"12.2145, 11.464, 2.76, 0.185, 0.0105",1
S3,BF_BOIN+UBOIN,weak,78.3,55.21855172,20.6659353,8,"669, 1264, 56, 3, 0","1566, 403, 17, 5, 1",4.0735,26.917,13.635,"21.474, 14.7855, 3.59, 0.4925, 0.21",1
S3,BF_BOIN+UBLRM,weak,92.5,64.97141147,16.87003968,125,"651, 1273, 68, 0, 0","1850, 25, 0, 0, 0",4.0435,26.488,12.6315,"24.1465, 12.008, 2.7505, 0.1995, 0.015",1
S3,3+3,strong,50.4,47.48349206,24.0602092,216,"1008, 686, 80, 9, 1",NULL,0,12.087,NULL,"4.9695, 4.7145, 2.0595, 0.312, 0.0315",1
S3,BF_BOIN,strong,33.4,50.48854924,23.36392572,8,"668, 1271, 53, 0, 0",NULL,4.104,26.664,NULL,"12.2525, 11.5345, 2.7185, 0.1555, 0.003",1
S3,BF_BOIN+UBOIN,strong,77.65,55.16378807,20.53501495,8,"660, 1266, 65, 1, 0","1553, 408, 22, 8, 1",4.1925,26.628,13.7205,"21.4205, 14.728, 3.4705, 0.536, 0.1935",1
S3,BF_BOIN+UBLRM,strong,96.9,66.12447794,15.2373178,62,"661, 1255, 75, 1, 0","1938, 0, 0, 0, 0",4.1005,26.6185,12.45,"24.6045, 11.4895, 2.785, 0.1805, 0.009",1
S4,3+3,weak,58.75,15.42202381,10.67870636,46,"92, 209, 214, 264, 1175",NULL,0,17.439,NULL,"3.5325, 3.7305, 3.792, 3.507, 2.877",5
S4,BF_BOIN,weak,57.25,14.33252038,11.86775548,0,"53, 159, 268, 375, 1145",NULL,9.9,34.743,NULL,"6.5365, 7.926, 7.836, 7.184, 5.2605",5
S4,BF_BOIN+UBOIN,weak,44.5,22.67051717,18.54154939,0,"53, 172, 240, 371, 1164","152, 340, 332, 286, 890",9.917,34.6955,16.3335,"8.0005, 10.8145, 10.638, 9.786, 11.79",5
S4,BF_BOIN+UBLRM,weak,71.45,34.6856849,17.21027757,3,"51, 144, 259, 394, 1152","404, 38, 45, 81, 1429",10.1025,34.956,16.4895,"9.1215, 8.2035, 8.5495, 7.919, 17.652",5
S4,3+3,strong,58.75,15.42202381,10.67870636,46,"92, 209, 214, 264, 1175",NULL,0,17.439,NULL,"3.5325, 3.7305, 3.792, 3.507, 2.877",5
S4,BF_BOIN,strong,58.5,14.48607838,11.7555319,0,"51, 155, 255, 369, 1170",NULL,10.014,34.8975,NULL,"6.596, 7.877, 7.8175, 7.2715, 5.3355",5
S4,BF_BOIN+UBOIN,strong,41.9,21.93428322,18.38390363,0,"52, 151, 269, 369, 1159","163, 344, 327, 328, 838",9.8855,34.6985,16.527,"8.1725, 10.9105, 10.709, 10.032, 11.4015",5
S4,BF_BOIN+UBLRM,strong,83.65,42.17365557,12.88978446,3,"52, 159, 294, 354, 1141","55, 3, 25, 241, 1673",9.802,34.324,16.5945,"6.9105, 7.897, 7.8135, 7.242, 21.0555",5
S5,3+3,weak,69.2,58.75559524,15.95406694,16,"459, 734, 650, 116, 25",NULL,0,15.3045,NULL,"3.9, 4.851, 4.107, 2.0475, 0.399","2, 3"
S5,BF_BOIN,weak,91.9,65.68086721,16.76283138,0,"34, 892, 946, 127, 1",NULL,5.305,29.779,NULL,"7.1775, 11.369, 8.3245, 2.674, 0.234","2, 3"
S5,BF_BOIN+UBOIN,weak,80.35,69.35337928,18.02425216,0,"31, 885, 964, 117, 3","183, 1015, 592, 163, 47",5.1245,29.708,16.308,"8.7035, 17.896, 13.5675, 5.0285, 0.8205","2, 3"
S5,BF_BOIN+UBLRM,weak,82.7,71.52067942,17.62523413,53,"34, 917, 924, 120, 5","292, 1313, 341, 1, 0",5.158,29.5765,14.3835,"7.9725, 17.748, 13.343, 4.076, 0.8205","2, 3"
S5,3+3,strong,69.2,58.75559524,15.95406694,16,"459, 734, 650, 116, 25",NULL,0,15.3045,NULL,"3.9, 4.851, 4.107, 2.0475, 0.399","2, 3"
S5,BF_BOIN,strong,92.85,65.73879297,16.76279934,0,"32, 887, 970, 107, 4",NULL,5.2215,29.7405,NULL,"7.1835, 11.3295, 8.312, 2.704, 0.2115","2, 3"
S5,BF_BOIN+UBOIN,strong,79.7,68.94631449,18.24270757,0,"34, 939, 903, 123, 1","186, 1012, 582, 169, 51",5.172,29.586,16.5735,"8.6955, 18.012, 13.3565, 5.146, 0.9495","2, 3"
S5,BF_BOIN+UBLRM,strong,89.15,72.92216552,16.29867165,29,"36, 924, 930, 107, 3","186, 1413, 370, 2, 0",5.245,29.653,14.667,"7.629, 17.1615, 14.792, 4.16, 0.5775","2, 3"
S6,3+3,weak,38.8,0,0,776,"1003, 196, 25, 0, 0",NULL,0,9.153,NULL,"5.373, 3.0705, 0.6465, 0.0615, 0.0015",NA
S6,BF_BOIN,weak,4.45,0,0,89,"1647, 253, 11, 0, 0",NULL,0.6085,18.031,NULL,"10.8735, 6.407, 0.703, 0.046, 0.0015",NA
S6,BF_BOIN+UBOIN,weak,54.65,0,0,1093,"1643, 257, 10, 0, 0","136, 279, 278, 117, 97",0.604,17.9845,26.0625,"12.371, 11.359, 8.0225, 6.5735, 5.721",NA
S6,BF_BOIN+UBLRM,weak,93.8,0,0,1876,"1655, 248, 9, 0, 0","121, 3, 0, 0, 0",0.6375,18.006,10.9725,"13.589, 7.2115, 3.166, 1.865, 3.147",NA
S6,3+3,strong,38.8,0,0,776,"1003, 196, 25, 0, 0",NULL,0,9.153,NULL,"5.373, 3.0705, 0.6465, 0.0615, 0.0015",NA
S6,BF_BOIN,strong,4.4,0,0,88,"1652, 252, 8, 0, 0",NULL,0.5975,18.0635,NULL,"10.874, 6.4255, 0.713, 0.0495, 0.0015",NA
S6,BF_BOIN+UBOIN,strong,55.25,0,0,1105,"1659, 243, 9, 0, 0","130, 274, 272, 122, 97",0.612,18.135,25.8255,"12.454, 11.326, 7.946, 6.5195, 5.715",NA
S6,BF_BOIN+UBLRM,strong,97.75,0,0,1955,"1651, 248, 12, 0, 0","37, 8, 0, 0, 0",0.6435,18.1035,13.596,"12.107, 8.86, 5.8905, 2.4615, 2.3805",NA
S7,3+3,weak,33.4,39.1718254,14.34008005,0,"6, 106, 562, 944, 357, 23, 2",NULL,0,20.217,NULL,"3.0195, 3.285, 4.2585, 5.013, 3.468, 1.0575, 0.1155","2, 3"
S7,BF_BOIN,weak,1.8,37.570237,12.41640662,0,"0, 0, 36, 583, 1111, 261, 9",NULL,10.489,37.018,NULL,"4.279, 6.1725, 7.293, 9.6955, 7.382, 2.0625, 0.1335","2, 3"
S7,BF_BOIN+UBOIN,weak,76.65,49.04946144,16.52250942,0,"0, 0, 39, 580, 1099, 271, 11","9, 615, 918, 394, 59, 4, 1",10.6945,37.291,15.108,"4.2885, 11.0375, 14.3115, 12.5075, 7.9755, 2.1045, 0.174","2, 3"
S7,BF_BOIN+UBLRM,weak,92.05,53.71017808,12.84412105,0,"0, 0, 34, 585, 1122, 248, 11","5, 591, 1250, 150, 4, 0, 0",10.4195,36.851,15.987,"4.263, 11.0095, 17.0725, 10.788, 7.5435, 1.992, 0.1695","2, 3"
S7,3+3,strong,33.4,39.1718254,14.34008005,0,"6, 106, 562, 944, 357, 23, 2",NULL,0,20.217,NULL,"3.0195, 3.285, 4.2585, 5.013, 3.468, 1.0575, 0.1155","2, 3"
S7,BF_BOIN,strong,1.9,37.11470727,12.00074788,0,"0, 0, 38, 546, 1150, 257, 9",NULL,10.6895,37.3955,NULL,"4.3245, 6.1205, 7.3335, 9.787, 7.6155, 2.0735, 0.141","2, 3"
S7,BF_BOIN+UBOIN,strong,77.35,49.25606619,16.49522306,0,"0, 0, 38, 572, 1125, 257, 8","13, 621, 926, 381, 58, 1, 0",10.6835,37.25,15.1605,"4.289, 11.181, 14.2695, 12.469, 7.929, 2.1125, 0.1605","2, 3"
S7,BF_BOIN+UBLRM,strong,99.05,55.77999765,12.29644508,0,"0, 0, 43, 580, 1125, 241, 11","0, 384, 1597, 19, 0, 0, 0",10.5165,36.969,15.618,"4.306, 9.714, 19.267, 9.7515, 7.356, 2.0305, 0.162","2, 3"
S8,3+3,weak,35.05,34.50460317,11.43694983,0,"0, 7, 118, 583, 930, 312, 50",NULL,0,22.896,NULL,"3.0015, 3.033, 3.3225, 4.326, 4.974, 3.36, 0.879","3, 4"
S8,BF_BOIN,weak,2.1,33.86774859,9.83505299,0,"0, 0, 1, 41, 596, 1174, 188",NULL,13.2925,41.2405,NULL,"4.399, 5.7305, 6.2675, 7.448, 9.358, 6.6695, 1.368","3, 4"
S8,BF_BOIN+UBOIN,weak,68.2,41.63295234,14.00763748,0,"0, 0, 1, 34, 599, 1145, 221","42, 151, 633, 731, 373, 61, 9",13.534,41.539,12.6885,"4.455, 6.9595, 10.4335, 12.03, 11.5865, 7.1745, 1.5885","3, 4"
S8,BF_BOIN+UBLRM,weak,78.35,43.00520192,14.09603134,0,"0, 0, 1, 36, 614, 1129, 220","27, 34, 358, 1209, 347, 23, 2",13.4405,41.4155,12.5865,"4.5585, 5.8805, 8.0805, 14.987, 11.9255, 6.9845, 1.5855","3, 4"
S8,3+3,strong,35.05,34.50460317,11.43694983,0,"0, 7, 118, 583, 930, 312, 50",NULL,0,22.896,NULL,"3.0015, 3.033, 3.3225, 4.326, 4.974, 3.36, 0.879","3, 4"
S8,BF_BOIN,strong,1.85,33.49708934,9.575978807,0,"0, 0, 1, 36, 607, 1143, 213",NULL,13.4275,41.509,NULL,"4.3845, 5.7455, 6.225, 7.427, 9.3945, 6.801, 1.5315","3, 4"
S8,BF_BOIN+UBOIN,strong,66.75,41.54857607,14.52540284,0,"0, 0, 2, 34, 636, 1117, 211","51, 145, 620, 715, 384, 71, 14",13.4265,41.34,12.8295,"4.4515, 6.989, 10.4855, 11.874, 11.702, 7.061, 1.6065","3, 4"
S8,BF_BOIN+UBLRM,strong,96.55,48.36426848,11.73656113,0,"0, 0, 3, 38, 609, 1141, 209","0, 0, 515, 1416, 69, 0, 0",13.303,41.3425,12.8805,"4.357, 5.7725, 10.0175, 16.0725, 9.726, 6.773, 1.5045","3, 4"
