Scenario,Param,Dist,TRUE,"Cand1_mean(min,a)","Cand1_sd(max,b)","Cand2_mean(min,a)","Cand2_sd(max,b)","Cand3_mean(min,a)","Cand3_sd(max,b)"
S1,delta0,Beta,0.122645786,0.207283023,1.482811915,1.23E-04,8.77E-04,1.00E-04,9.00E-04
S1,delta1,Beta,0.527360409,2.758772702,2.472512499,5.27E-04,4.73E-04,6.00E-04,4.00E-04
S1,b0,Normal,25.47019008,35.00667413,2,59.76523464,4,0.506232795,4
S1,b1,Normal,16.91960715,21.88728111,2,37.21388904,4,1.334260234,4
S1,a0,Normal,0.356110608,0.894813838,2,1.734798452,4,-4.492564467,4
S1,a1,Normal,2.305483777,5.101786306,2,9.546657145,4,5.7670452,4
S2,delta0,Beta,0.099999965,0.124999885,1.124999408,1.00E-04,9.00E-04,1.00E-04,9.00E-04
S2,delta1,Beta,0.500000501,2.625002631,2.624997369,5.00E-04,5.00E-04,6.00E-04,4.00E-04
S2,b0,Normal,30.39625047,39.17912136,2,68.07597605,4,0.506232795,4
S2,b1,Normal,34.43113618,50.31312517,2,90.54001206,4,1.334260234,4
S2,a0,Normal,-0.432013963,-0.656600355,2,-0.913890802,4,-4.492564467,4
S2,a1,Normal,2.292362674,4.385244161,2,8.36007371,4,5.7670452,4
S3,delta0,Beta,0.4,2,3,4.00E-04,6.00E-04,1.00E-04,9.00E-04
S3,delta1,Beta,0.1,0.125,1.125,1.00E-04,9.00E-04,6.00E-04,4.00E-04
S3,b0,Normal,0,0,2,0,4,0.506232795,4
S3,b1,Normal,0,0,2,0,4,1.334260234,4
S3,a0,Normal,0.662070198,1.387738288,2,2.506402856,4,-4.492564467,4
S3,a1,Normal,1.636822361,3.81288174,2,7.052437781,4,5.7670452,4
S4,delta0,Beta,0.382337219,1.874938425,3.028948327,3.82E-04,6.18E-04,1.00E-04,9.00E-04
S4,delta1,Beta,0.617537282,3.028788596,1.87583609,6.18E-04,3.82E-04,6.00E-04,4.00E-04
S4,b0,Normal,0.186977108,1.145049365,2,2.360214732,4,0.506232795,4
S4,b1,Normal,3.57044596,9.096738006,2,17.11249479,4,1.334260234,4
S4,a0,Normal,-1.719881304,-2.455729621,2,-3.959959586,4,-4.492564467,4
S4,a1,Normal,0.884110778,3.044779403,2,6.095435074,4,5.7670452,4
S5,delta0,Beta,0.013762346,1.38E-05,9.86E-04,1.38E-05,9.86E-04,1.00E-04,9.00E-04
S5,delta1,Beta,0.985875413,9.86E-04,1.41E-05,9.86E-04,1.41E-05,6.00E-04,4.00E-04
S5,b0,Normal,0.736774133,1.478822875,2,2.645504734,4,0.506232795,4
S5,b1,Normal,1.551195721,3.545619099,2,6.53315219,4,1.334260234,4
S5,a0,Normal,0.206742149,0.701335375,2,1.407966555,4,-4.492564467,4
S5,a1,Normal,2.113538083,4.942818703,2,9.277282139,4,5.7670452,4
S6,delta0,Beta,0.055238435,0.016829978,0.287848788,5.52E-05,9.45E-04,1.00E-04,9.00E-04
S6,delta1,Beta,0.397070321,1.979449958,3.00568707,3.97E-04,6.03E-04,6.00E-04,4.00E-04
S6,b0,Normal,1.996568064,4.148197865,2,7.477840258,4,0.506232795,4
S6,b1,Normal,4.784501793,11.10719931,2,20.53027099,4,1.334260234,4
S6,a0,Normal,0.889357838,1.643374845,2,2.882474307,4,-4.492564467,4
S6,a1,Normal,1.287615393,2.770896634,2,5.041058536,4,5.7670452,4
